task_id,task_name,task_source,task_class_count,task_type,text_col,label_col,task_hf_dataset_name,task_hf_subset_name,task_hf_url,task_instruction,task_criticalness
1,cardiffnlp/tweet_eval@emoji,hf,20,test,text,label,cardiffnlp/tweet_eval,emoji,https://huggingface.co/datasets/cardiffnlp/tweet_eval,"Classify the given social media post into one of the following categories based on its sentiment or theme: 💙 (Love), 🔥 (Excitement), ❤ (Affection), 😂 (Humor), ☀ (Summer/Positive Vibes), 😍 (Admiration), 📸 (Photography), 😊 (Happiness), 😎 (Coolness), 📷 (Photography), 🇸 (Patriotism), 😜 (Playfulness), 😘 (Affection), 💜 (Love), 💕 (Romantic Love), 🎄 (Christmas), ✨ (Inspiration), 😁 (Joy), 😉 (Wink), 💯 (Authenticity).",High Criticalness
2,cardiffnlp/tweet_eval@emotion,hf,4,test,text,label,cardiffnlp/tweet_eval,emotion,https://huggingface.co/datasets/cardiffnlp/tweet_eval,"Classify the given text samples into one of the following emotional categories: 'optimism', 'anger', 'joy', or 'sadness'.",High Criticalness
3,cardiffnlp/tweet_eval@hate,hf,2,test,text,label,cardiffnlp/tweet_eval,hate,https://huggingface.co/datasets/cardiffnlp/tweet_eval,"Classify the given text as either 'hate' if it contains derogatory or aggressive language, or 'non-hate' if it does not.",High Criticalness
4,cardiffnlp/tweet_eval@irony,hf,2,test,text,label,cardiffnlp/tweet_eval,irony,https://huggingface.co/datasets/cardiffnlp/tweet_eval,Classify the given social media text as either 'irony' or 'non_irony' based on whether the statement conveys sarcasm or a literal meaning.,High Criticalness
5,cardiffnlp/tweet_eval@offensive,hf,2,test,text,label,cardiffnlp/tweet_eval,offensive,https://huggingface.co/datasets/cardiffnlp/tweet_eval,Classify each social media comment as either 'offensive' or 'non-offensive' based on the presence of derogatory language or personal attacks.,Medium Criticalness
6,cardiffnlp/tweet_eval@sentiment,hf,3,test,text,label,cardiffnlp/tweet_eval,sentiment,https://huggingface.co/datasets/cardiffnlp/tweet_eval,"Classify the given text samples into one of the following sentiment categories: 'neutral', 'positive', or 'negative'.",High Criticalness
7,dair-ai/emotion@split,hf,6,test,text,label,dair-ai/emotion,split,https://huggingface.co/datasets/dair-ai/emotion,"Classify the given text into one of the following emotion categories: sadness, joy, fear, anger, love, or surprise based on the emotional content expressed in the text.",Low Criticalness
8,google-research-datasets/poem_sentiment,hf,4,test,verse_text,label,google-research-datasets/poem_sentiment,,https://huggingface.co/datasets/google-research-datasets/poem_sentiment,"Classify the given sentences into one of the following sentiment categories: 'positive', 'negative', 'no impact', or 'mixed' based on their emotional tone.",High Criticalness
9,cornell-movie-review-data/rotten_tomatoes,hf,2,test,text,label,cornell-movie-review-data/rotten_tomatoes,,https://huggingface.co/datasets/cornell-movie-review-data/rotten_tomatoes,Classify the sentiment of movie reviews as either positive (pos) or negative (neg).,High Criticalness
10,clinc/clinc_oos@plus,hf,151,test,text,intent,clinc/clinc_oos,plus,https://huggingface.co/datasets/clinc/clinc_oos,"Classify the user requests into the appropriate action labels such as shopping_list_update, do_you_have_pets, credit_limit_change, etc.",Medium Criticalness
11,climatebert/climate_detection,hf,2,test,text,label,climatebert/climate_detection,,https://huggingface.co/datasets/climatebert/climate_detection,Classify the given text samples as either 'climate-related' or 'not climate-related' based on their content regarding climate change and environmental issues.,Low Criticalness
12,climatebert/tcfd_recommendations,hf,5,test,text,label,climatebert/tcfd_recommendations,,https://huggingface.co/datasets/climatebert/tcfd_recommendations,"Classify the provided text samples into one of the following categories: 'risk', 'strategy', 'metrics', 'governance', or 'none (i.e., not climate-related)'.",High Criticalness
13,climatebert/climate_specificity,hf,2,test,text,label,climatebert/climate_specificity,,https://huggingface.co/datasets/climatebert/climate_specificity,"Classify the provided text samples into two categories: 'specific' for texts that detail concrete financial actions or commitments related to climate initiatives, and 'non-specific' for texts that discuss broader concepts without specific examples.",High Criticalness
14,climatebert/climate_commitments_actions,hf,2,test,text,label,climatebert/climate_commitments_actions,,https://huggingface.co/datasets/climatebert/climate_commitments_actions,Classify the given text as either 'talking about climate commitments and actions' or 'not talking about climate commitments and actions'.,Medium Criticalness
15,zeroshot/twitter-financial-news-sentiment,hf,2,test,text,label,zeroshot/twitter-financial-news-sentiment,,https://huggingface.co/datasets/zeroshot/twitter-financial-news-sentiment,"Classify the given financial news headlines into one of the following sentiment categories: 'Bullish', 'Bearish', or 'Neutral'.",Medium Criticalness
16,CogComp/trec,hf,6,test,text,coarse_label,CogComp/trec,,https://huggingface.co/datasets/CogComp/trec,"Classify the given questions into one of the following categories: 'Numeric value', 'Human being', 'Entity', 'Location', 'Abbreviation', or 'Description and abstract concept'.",Low Criticalness
17,stanfordnlp/sst2,hf,2,test,sentence,label,stanfordnlp/sst2,,https://huggingface.co/datasets/stanfordnlp/sst2,Classify the given movie review text as either 'positive' or 'negative' based on the sentiment expressed in the review.,Medium Criticalness
18,SemEvalWorkshop/emo,hf,4,test,text,label,SemEvalWorkshop/emo,,https://huggingface.co/datasets/SemEvalWorkshop/emo,"Classify the given text into one of the following emotional categories: 'sad', 'angry', 'happy', or 'others' based on the sentiment expressed in the text.",Low Criticalness
19,mteb/banking77,hf,77,test,text,label,mteb/banking77,,https://huggingface.co/datasets/mteb/banking77,"Classify the user inquiries into the following categories: pending_top_up, fiat_currency_support, transfer_not_received_by_recipient, age_limit, supported_cards_and_currencies, activate_my_card, verify_my_identity, change_pin, country_support, Refund_not_showing_up, balance_not_updated_after_bank_transfer, top_up_by_bank_transfer_charge, declined_cash_withdrawal, extra_charge_on_statement, unable_to_verify_identity, direct_debit_payment_not_recognised, card_payment_not_recognised, get_physical_card, receiving_money, lost_or_stolen_phone, pin_blocked, top_up_reverted, verify_top_up, declined_transfer, virtual_card_not_working, declined_card_payment, disposable_card_limits, card_payment_fee_charged, getting_spare_card, exchange_via_app, transaction_charged_twice, getting_virtual_card, card_arrival, lost_or_stolen_card, top_up_by_card_charge, apple_pay_or_google_pay, topping_up_by_card, card_about_to_expire, card_swallowed, cash_withdrawal_not_recognised, terminate_account, transfer_fee_charged, card_payment_wrong_exchange_rate, card_linking, wrong_amount_of_cash_received, pending_transfer, card_not_working, compromised_card, card_acceptance, cash_withdrawal_charge, cancel_transfer, failed_transfer, transfer_timing, request_refund, order_physical_card, passcode_forgotten, pending_card_payment, pending_cash_withdrawal, reverted_card_payment?, atm_support, visa_or_mastercard, top_up_by_cash_or_cheque, get_disposable_virtual_card, card_delivery_estimate, top_up_failed, wrong_exchange_rate_for_cash_withdrawal, balance_not_updated_after_cheque_or_cash_deposit, exchange_rate, top_up_limits, edit_personal_details, verify_source_of_funds, beneficiary_not_allowed, automatic_top_up, exchange_charge, transfer_into_account, why_verify_identity, contactless_not_working.",Low Criticalness
20,stanfordnlp/imdb,hf,2,test,text,label,stanfordnlp/imdb,,https://huggingface.co/datasets/stanfordnlp/imdb,Classify the given movie review text as either 'pos' for positive sentiment or 'neg' for negative sentiment.,Low Criticalness
21,ade-benchmark-corpus/ade_corpus_v2@Ade_corpus_v2_classification,hf,2,test,text,label,ade-benchmark-corpus/ade_corpus_v2,Ade_corpus_v2_classification,https://huggingface.co/datasets/ade-benchmark-corpus/ade_corpus_v2,Classify the provided medical text into one of the following categories: 'Adverse Drug Reaction Related' or 'Adverse Drug Reaction Not-Related'.,Low Criticalness
22,iastate/onestop_english,hf,3,test,text,label,iastate/onestop_english,,https://huggingface.co/datasets/iastate/onestop_english,"Classify the given news article texts into one of the following categories: 'Advance', 'Elementary', or 'Intermediate' based on the complexity and depth of the content.",Medium Criticalness
23,ucirvine/sms_spam,hf,2,test,sms,label,ucirvine/sms_spam,,https://huggingface.co/datasets/ucirvine/sms_spam,"Classify the given text messages as either 'spam' or 'ham' based on their content, where 'spam' refers to unsolicited promotional messages and 'ham' refers to personal or non-promotional messages.",Low Criticalness
24,sonos-nlu-benchmark/snips_built_in_intents,hf,10,test,text,label,sonos-nlu-benchmark/snips_built_in_intents,,https://huggingface.co/datasets/sonos-nlu-benchmark/snips_built_in_intents,"Classify the user queries into one of the following categories: ComparePlaces, GetPlaceDetails, GetDirections, BookRestaurant, ShareCurrentLocation, SearchPlace, GetWeather, RequestRide, GetTrafficInformation, ShareETA.",High Criticalness
25,Abhi0072/HateXplain,hf,3,test,text,label,Abhi0072/HateXplain,,https://huggingface.co/datasets/Abhi0072/HateXplain,"Classify the given text samples into one of the following categories: 'normal', 'offensive', or 'hatespeech' based on the presence of derogatory or harmful language.",Low Criticalness
26,odegiber/hate_speech18,hf,4,test,text,label,odegiber/hate_speech18,,https://huggingface.co/datasets/odegiber/hate_speech18,"Classify the given text into one of the following categories: 'hate' for posts containing hate speech, 'noHate' for posts without hate speech, and 'relation' for posts that do not contain hate speech on their own but contribute to a broader context of hate when combined with other sentences.",Low Criticalness
27,tdavidson/hate_speech_offensive,hf,3,test,tweet,class,tdavidson/hate_speech_offensive,,https://huggingface.co/datasets/tdavidson/hate_speech_offensive,"Classify the given text samples into one of the following categories: 'hate-speech', 'offensive-language', or 'neither'.",Low Criticalness
28,Yelp/yelp_review_full,hf,5,test,text,label,Yelp/yelp_review_full,,https://huggingface.co/datasets/Yelp/yelp_review_full,"Classify the given restaurant review text into one of the following star ratings: '1 star', '2 stars', '3 stars', '4 stars', or '5 stars' based on the sentiment expressed in the review.",Medium Criticalness
29,SetFit/go_emotions,hf,28,test,text,"admiration,amusement,anger,annoyance,approval,caring,confusion,curiosity,desire,disappointment,disapproval,disgust,embarrassment,excitement,fear,gratitude,grief,joy,love,nervousness,optimism,pride,realization,relief,remorse,sadness,surprise,neutral",SetFit/go_emotions,,https://huggingface.co/datasets/SetFit/go_emotions,"Classify the given text inputs into one of the following emotional categories: approval, neutral, nervousness, disgust, embarrassment, admiration, curiosity, sadness, optimism, fear, annoyance, joy, amusement, confusion, love, gratitude, caring, disapproval, anger, excitement, surprise, disappointment, desire, pride, remorse, realization, grief, or relief based on the sentiment expressed in the text.",High Criticalness
30,sh0416/ag_news,hf,4,test,"title,description",label,sh0416/ag_news,,https://huggingface.co/datasets/sh0416/ag_news,"Classify the given news article snippets into one of the following categories: Business, World, Sports, or Sci/Tech.",Low Criticalness
31,liaad/newspop,hf,4,test,"title, headline",topic,liaad/newspop,,https://huggingface.co/datasets/liaad/newspop,"Classify the given news article into one of the following categories: 'economy', 'obama', 'palestine', or 'microsoft'.",Low Criticalness
32,toxigen/toxigen-data@annotated,hf,5,test,text,factual?,toxigen/toxigen-data,annotated,https://huggingface.co/datasets/toxigen/toxigen-data,"Classify the given text samples into one of the following categories: 'opinion', 'neither factual nor opinion', 'factual', 'both factual and opinion', or 'disagreement'.",Low Criticalness
33,google-research-datasets/google_wellformed_query,hf,11,test,content,rating,google-research-datasets/google_wellformed_query,,https://huggingface.co/datasets/google-research-datasets/google_wellformed_query,"Classify each question based on its complexity or specificity using a numerical label from 0.0 to 1.0, where 1.0 indicates straightforward questions and lower values indicate more complex inquiries.",High Criticalness
34,SetFit/enron_spam,hf,2,test,text,label,SetFit/enron_spam,,https://huggingface.co/datasets/SetFit/enron_spam,Classify the given email messages as either 'ham' for legitimate emails or 'spam' for unsolicited or irrelevant emails.,Low Criticalness
35,zefang-liu/phishing-email-dataset,hf,2,test,Email Text,Email Type,zefang-liu/phishing-email-dataset,,https://huggingface.co/datasets/zefang-liu/phishing-email-dataset,Classify the given email messages as either 'Phishing Email' or 'Safe Email' based on their content and intent.,Low Criticalness
36,fancyzhx/amazon_polarity,hf,2,test,"title,content",label,fancyzhx/amazon_polarity,,https://huggingface.co/datasets/fancyzhx/amazon_polarity,Classify the given text reviews as either 'positive' or 'negative' based on the sentiment expressed in the review.,Low Criticalness
37,fancyzhx/dbpedia_14,hf,14,test,"title,content",label,fancyzhx/dbpedia_14,,https://huggingface.co/datasets/fancyzhx/dbpedia_14,"Classify the given text samples into one of the following categories: Office Holder, Natural Place, Written Work, Plant, Mean Of Transportation, Artist, Village, Building, Company, Album, Athlete, Film, Animal, Educational Institution.",Low Criticalness
38,community-datasets/yahoo_answers_topics,hf,10,test,"question_title,question_content",topic,community-datasets/yahoo_answers_topics,,https://huggingface.co/datasets/community-datasets/yahoo_answers_topics,"Classify the given text into one of the following categories: Society & Culture, Sports, Entertainment & Music, Family & Relationships, Business & Finance, Health, Politics & Government, Education & Reference, Computers & Internet, Science & Mathematics.",Medium Criticalness
39,nyu-mll/glue@cola,hf,2,test,sentence,label,nyu-mll/glue,cola,https://huggingface.co/datasets/nyu-mll/glue,Classify each input sentence as either 'acceptable' or 'unacceptable' based on its grammatical correctness and coherence.,High Criticalness
40,armanc/pubmed-rct20k,hf,5,test,text,label,armanc/pubmed-rct20k,,https://huggingface.co/datasets/armanc/pubmed-rct20k,"Classify the given text samples into one of the following categories: 'methods', 'results', 'conclusions', or 'background'.",Low Criticalness
41,coastalchp/ledgar,hf,100,test,text,label,coastalchp/ledgar,,https://huggingface.co/datasets/coastalchp/ledgar,"Classify the provided legal text into one of the following categories: Litigations, Survival, Assignments, Counterparts, Definitions, Capitalization, Miscellaneous, Terminations, Effective Dates, Governing Laws, Severability, Amendments, Expenses, Warranties, Authority, Employment, Sales, Entire Agreements, General, Notices, Waivers, Indemnity, Construction, Payments, Liens, Financial Statements, Indemnifications, Binding Effects, Cooperation, Records, Submission To Jurisdiction, Disclosures, Interests, Intellectual Property, Authorizations, Employment, Vacations, Terms, Waiver Of Jury Trials, Defined Terms, Further Assurances, Benefits, Publicity, Titles, Use Of Proceeds, Base Salary, Insurances, Arbitration, Modifications, Enforcements, Withholdings, Headings, Tax Withholdings, No Conflicts, Integration, Enforceability, Existence, Forfeitures, Death, Change In Control, Approvals, Compliance With Laws, Duties, Applicable Laws, Interpretations, Successors, No Defaults, Erisa, Transactions With Affiliates, Disability, Representations, Anti-Corruption Laws, Jurisdictions, Brokers, Consents, Effectiveness, Powers, Assigns, Organizations, Agreements, Positions, Vacations, Venues, Sanctions, Costs, Qualifications.",Low Criticalness
42,perctrix/unfair_tos,hf,32,test,text,labels,perctrix/unfair_tos,,https://huggingface.co/datasets/perctrix/unfair_tos,"Classify the provided legal text excerpts into the following categories: 'fair', 'Limitation of liability', 'Contract by using', 'Content removal', 'Choice of law, Jurisdiction', 'Unilateral termination', 'Unilateral change', and 'Arbitration'.",Low Criticalness
43,ccdv/patent-classification@abstract,hf,9,test,text,label,ccdv/patent-classification,abstract,https://huggingface.co/datasets/ccdv/patent-classification,"Classify the provided technical description into one or more relevant categories from the following labels: Performing Operations; Transporting, Mechanical Engineering; Lightning; Heating; Weapons; Blasting, Electricity, Physics, General tagging of new or cross-sectional technology, Chemistry; Metallurgy, Human Necessities, Fixed Constructions, Textiles; Paper.",High Criticalness
44,jackhhao/jailbreak-classification,hf,2,test,prompt,type,jackhhao/jailbreak-classification,,https://huggingface.co/datasets/jackhhao/jailbreak-classification,Classify the given text prompts as either 'benign' if they do not encourage harmful behavior or 'jailbreak' if they instruct the AI to bypass ethical guidelines or act unethically.,Low Criticalness
45,raquiba/Sarcasm_News_Headline,hf,2,test,headline,is_sarcastic,raquiba/Sarcasm_News_Headline,,https://huggingface.co/datasets/raquiba/Sarcasm_News_Headline,Classify the given text as either 'is_sarcastic' or 'not_sarcastic' based on the presence of irony or absurdity in the statement.,Medium Criticalness
46,CreativeLang/ColBERT_Humor_Detection,hf,2,test,text,humor,CreativeLang/ColBERT_Humor_Detection,,https://huggingface.co/datasets/CreativeLang/ColBERT_Humor_Detection,"Classify the given text as 'True' if it contains humor or sarcasm, and 'False' if it is serious or factual.",Low Criticalness
47,SetFit/subj,hf,2,test,text,label_text,SetFit/subj,,https://huggingface.co/datasets/SetFit/subj,Classify each sentence as either 'objective' or 'subjective' based on whether it presents factual information or expresses personal opinions and feelings.,Low Criticalness
48,river-martin/web-of-science-with-label-texts,hf,7,test,abstract,domain,river-martin/web-of-science-with-label-texts,,https://huggingface.co/datasets/river-martin/web-of-science-with-label-texts,"Classify the provided text samples into one of the following categories: CS, Medical, Psychology, ECE, Biochemistry, MAE, or Civil based on the content and context of the text.",Low Criticalness
1001,1001,llm,5,train,,,1001,,,"Classify the given news articles into one of the following impact categories based on the article's content and context: 'Informative', 'Persuasive', 'Sensational', 'Divisive', 'Neutral'.",Low Criticalness
1002,1002,llm,5,train,,,1002,,,"Classify the provided customer feedback text into one of the following categories: 'product_quality', 'customer_service', 'shipping', 'payment_issues', or 'other' based on the primary aspect of the shopping experience that the feedback addresses.",Medium Criticalness
1003,1003,llm,3,train,,,1003,,,"Classify each biomedical research article as one of the following: 'High Impact', 'Moderate Impact', or 'Low Impact' based on the potential implications for public health and the significance of the findings presented in the article.",Medium Criticalness
1004,1004,llm,4,train,,,1004,,,"Classify the provided legal text into one of the following categories based on the type of legal argument presented: 'statutory interpretation', 'precedent application', 'policy argument', or 'constitutional argument'.",Low Criticalness
1005,1005,llm,5,train,,,1005,,,"Classify the given financial text based on the external economic factors it discusses into one of the following categories: 'Interest Rate Changes', 'Inflation Trends', 'Geopolitical Events', 'Regulatory Changes', or 'Market Sentiment'.",Low Criticalness
1006,1006,llm,6,train,,,1006,,,"Classify the given social media post into one of the following relationship categories based on the nature of interpersonal relationships expressed or referenced: 'Romantic', 'Familial', 'Friendship', 'Professional', 'Casual Acquaintance', or 'Community'.",Low Criticalness
1007,1007,llm,5,train,,,1007,,,"Classify the provided academic paper abstracts into one of the following methodological categories: 'Quantitative', 'Qualitative', 'Mixed Methods', 'Theoretical', or 'Review'.",Low Criticalness
1008,1008,llm,5,train,,,1008,,,"Classify the provided cybersecurity communication samples into one of the following categories based on the intent and nature of the threat described: 'Phishing Attempt', 'Malware Delivery', 'Denial of Service Threat', 'Data Breach Notification', 'Vulnerability Disclosure'.",Low Criticalness
1009,1009,llm,5,train,,,1009,,,"Classify the given technical support inquiries into one of the following categories: 'Hardware Issue', 'Software Issue', 'Network Issue', 'User Error', 'Feature Request'.",Medium Criticalness
1010,1010,llm,5,train,,,1010,,,"Classify the given news article into one of the following narrative technique categories: 'Inverted Pyramid', 'Chronological Narrative', 'Feature Story', 'Investigative Journalism', or 'Opinion Piece'.",Low Criticalness
1011,1011,llm,4,train,,,1011,,,"Given a product description, classify it into one of the following categories: 'Descriptive' for descriptions that detail the product's features and specifications, 'Emotional' for descriptions that appeal to the customer’s feelings or aspirations, 'Technical' for descriptions that focus on the technical specifications and performance metrics, and 'Persuasive' for descriptions that employ persuasive language aimed at inspiring action or purchase.",High Criticalness
1012,1012,llm,7,train,,,1012,,,"Classify the given biomedical research articles into one of the following categories based on their methodology: 'Clinical Trial', 'Observational Study', 'Meta-Analysis', 'Case Study', 'Systematic Review', 'Laboratory Experiment', or 'Longitudinal Study'.",Medium Criticalness
1013,1013,llm,5,train,,,1013,,,"Classify the given legal document text into one of the following categories based on the intent expressed within the legal action described: 'Contract', 'Litigation', 'Compliance', 'Advisory', or 'Negotiation'.",Medium Criticalness
1014,1014,llm,4,train,,,1014,,,"Classify the given financial text into one of the following strategy categories: 'growth', 'value', 'income', or 'defensive', based on the investment strategy or financial approach that the text reflects.",Medium Criticalness
1015,1015,llm,3,train,,,1015,,,"Classify the given social media posts into one of the following categories based on their authenticity: 'true' for posts that provide factual and verified information, 'fake' for posts that disseminate false information, and 'misleading' for posts that present factual elements but distort the context or interpretation of the information.",Medium Criticalness
1016,1016,llm,4,train,,,1016,,,Classify the provided academic text samples according to the type of argumentation used. The categories are: 'Empirical Evidence' for texts that rely on data and observations; 'Theoretical Framework' for texts that build arguments based on existing theories; 'Comparative Analysis' for texts that juxtapose different ideas or works; and 'Case Study' for texts focusing on an in-depth examination of a particular instance or example.,Low Criticalness
1017,1017,llm,4,train,,,1017,,,"Classify the provided cybersecurity incident reports into one of the following severity categories: 'Low', 'Medium', 'High', or 'Critical', where 'Low' refers to minor issues that pose little to no risk, 'Medium' indicates moderate threats that could potentially escalate, 'High' refers to significant threats with a strong potential for damage, and 'Critical' denotes severe incidents that require immediate attention.",High Criticalness
1018,1018,llm,4,train,,,1018,,,"Classify the provided technical support ticket text into one of the following severity categories: 'Critical', 'High', 'Medium', 'Low'. 'Critical' issues include system outages or major failures affecting multiple users. 'High' refers to significant functionality issues affecting user tasks. 'Medium' indicates minor bugs or performance issues. 'Low' includes general inquiries or non-urgent requests.",Medium Criticalness
1019,1019,llm,3,train,,,1019,,,"Classify the given news article excerpts into one of the following categories based on the author's stance: 'Supportive', 'Opposed', 'Neutral'.",Low Criticalness
1020,1020,llm,5,train,,,1020,,,"Classify the given product descriptions into one of the following customer segments: 'Budget Buyers', 'Luxury Seekers', 'Tech Enthusiasts', 'Eco-Conscious Consumers', or 'Fashion-Forward Shoppers'.",Low Criticalness
1021,1021,llm,4,train,,,1021,,,"Classify the provided biomedical texts on clinical research into one of the following ethical concern categories: 'Informed Consent', 'Data Privacy', 'Risk-Benefit Analysis', or 'Ethical Oversight'.",Medium Criticalness
1022,1022,llm,5,train,,,1022,,,"Classify the provided legal text into one of the following categories based on the type of obligation presented: 'Duty', 'Right', 'Liability', 'Obligation', 'Condition'.",High Criticalness
1023,1023,llm,5,train,,,1023,,,"Classify the provided financial documents into one of the following risk categories: 'Credit Risk', 'Market Risk', 'Operational Risk', 'Liquidity Risk', or 'Compliance Risk'. Each classification should be based on the specific risks mentioned or implied within the document.",Medium Criticalness
1024,1024,llm,2,train,,,1024,,,"Classify the given social media post into one of the following categories based on the narrative quality: 'Reflective' if it demonstrates personal insight or growth, and 'Descriptive' if it simply recounts an event without deeper reflection.",Low Criticalness
1025,1025,llm,2,train,,,1025,,,"Classify the given academic text as either 'Citation' if it references another work directly or indirectly, or 'Paraphrase' if it reformulates the ideas without directly referencing the original source.",Low Criticalness
1026,1026,llm,5,train,,,1026,,,"Classify the given text into one of the following categories based on the manipulation tactics identified: 'Pretexting' for texts that create a fabricated scenario, 'Phishing' for texts attempting to deceive the recipient into providing sensitive information, 'Baiting' for texts that lure the recipient with false promises, 'Quizzing' for texts that ask questions to extract information under the guise of innocence, and 'Tailgating' for texts that imply a sense of authority to bypass security measures.",Medium Criticalness
1027,1027,llm,3,train,,,1027,,,"Classify each technical support script into one of the following complexity categories based on the language used and the technical knowledge required: 'Beginner', 'Intermediate', 'Advanced'.",Medium Criticalness
1028,1028,llm,3,train,,,1028,,,"Classify the provided news articles based on their adherence to ethical journalism standards into one of the following categories: 'Meets Ethical Standards', 'Violates Ethical Standards', or 'Uncertain'.",Medium Criticalness
1029,1029,llm,4,train,,,1029,,,"Classify each customer review into one of the following intent categories: 'Positive Feedback', 'Negative Feedback', 'Request for Support', or 'Product Inquiry'.",Low Criticalness
1030,1030,llm,5,train,,,1030,,,"Classify the provided biomedical text into one of the following categories based on the disease progression described: 'Early Stage', 'Mid Stage', 'Late Stage', 'Remission', or 'No Progression'.",Medium Criticalness
1031,1031,llm,10,train,,,1031,,,"Classify the provided legal text into one of the following legal doctrines: Tort Law, Contract Law, Property Law, Constitutional Law, Criminal Law, Administrative Law, Family Law, Environmental Law, Intellectual Property Law, or International Law.",Medium Criticalness
1032,1032,llm,5,train,,,1032,,,"Classify the provided financial report texts into one of the following categories based on the specific methodologies they describe: 'GAAP' (Generally Accepted Accounting Principles), 'IFRS' (International Financial Reporting Standards), 'Hybrid' (a combination of different accounting standards), 'Non-standard' (not adhering to recognized standards), or 'other' (not pertinent to financial reporting).",High Criticalness
1033,1033,llm,6,train,,,1033,,,"Classify the user intent behind the given social media text into one of the following categories: 'inform', 'persuade', 'entertain', 'question', 'complain', or 'support'.",Medium Criticalness
1034,1034,llm,5,train,,,1034,,,"Classify the given academic text excerpts based on common writing quality issues into one of the following categories: 'coherence', 'clarity', 'conciseness', 'engagement', or 'grammar' depending on the primary issue observed in the text.",High Criticalness
1035,1035,llm,6,train,,,1035,,,"Classify the following security incident reports into one of the following categories: 'Malware', 'Unauthorized Access', 'Data Breach', 'Denial of Service', 'Insider Threat', or 'Phishing Attempt'.",Medium Criticalness
1036,1036,llm,2,train,,,1036,,,"Classify the given text as either 'urgent assistance needed' if the user is requesting immediate help with a technical issue, or 'feedback/suggestion' if the user is providing feedback about a product or suggesting improvements without an urgent need for resolution.",Low Criticalness
1037,1037,llm,3,train,,,1037,,,"Classify the given news article text as either 'High Credibility', 'Medium Credibility', or 'Low Credibility' based on the perceived reliability of the source and potential biases present in the article.",Low Criticalness
1038,1038,llm,3,train,,,1038,,,"Classify the given product description into one of the following categories based on their compliance with e-commerce best practices: 'fully compliant', 'partially compliant', or 'non-compliant'.",Low Criticalness
1039,1039,llm,3,train,,,1039,,,"Given a biomedical text, classify it based on the type of medical finding reported into one of the following categories: 'Definitive', 'Inconclusive', 'Hypothetical'.",Low Criticalness
1040,1040,llm,6,train,,,1040,,,"Classify the provided legal verdict summaries into one of the following categories based on the legal principles applied in the case: 'Negligence', 'Strict Liability', 'Intentional Torts', 'Breach of Contract', 'Defamation', and 'Equitable Relief'.",Medium Criticalness
1041,1041,llm,3,train,,,1041,,,"Classify the given financial advice texts into one of the following categories: 'sound advice', 'questionable advice', or 'risky advice', based on the quality and level of risk associated with the recommendations provided in the text.",High Criticalness
1042,1042,llm,4,train,,,1042,,,"Classify the given social media posts into one of the following categories based on their potential influence on public health behavior: 'Promotes Healthy Behavior', 'Discourages Healthy Behavior', 'Neutral', or 'Misinformation'.",Medium Criticalness
1043,1043,llm,6,train,,,1043,,,"Classify the provided academic text into one of the following categories based on its content and format: 'Research Paper', 'Review Article', 'Conference Proceedings', 'Thesis/Dissertation', 'Book Chapter', 'Technical Report'.",High Criticalness
1044,1044,llm,6,train,,,1044,,,"Classify the provided text samples into one of the following categories based on the description of the malware threat: 'Virus', 'Worm', 'Trojan', 'Ransomware', 'Spyware', or 'Adware'.",Medium Criticalness
1045,1045,llm,6,train,,,1045,,,"Classify the provided technical support inquiry text based on the predominant troubleshooting method employed, using the following labels.",Medium Criticalness
1046,1046,llm,4,train,,,1046,,,"Classify the given news article text into one of the following labels based on factual accuracy: 'True', 'False', 'Misleading', or 'Unverified'.",High Criticalness
1047,1047,llm,4,train,,,1047,,,"Classify the given product descriptions based on their adherence to ethical marketing standards into one of the following categories: 'truthful (claims are accurate and substantiated)', 'exaggerated (claims are overstated but not outright false)', 'misleading (claims are deceptive or likely to mislead customers)', 'not applicable (does not pertain to ethical claims)'.",High Criticalness
1048,1048,llm,6,train,,,1048,,,"Classify the given biomedical text into one of the following molecular interaction categories: 'protein-protein interaction', 'protein-DNA interaction', 'protein-RNA interaction', 'enzyme-substrate interaction', 'receptor-ligand interaction', or 'none of the above'.",Low Criticalness
1049,1049,llm,8,train,,,1049,,,"Classify the provided legal correspondence into one of the following intents: Inquiry, Request for Information, Negotiation, Complaint, Notice, Demand, Settlement Offer, or Clarification.",High Criticalness
1050,1050,llm,4,train,,,1050,,,"Classify the given text excerpts about investment intentions into one of the following categories: 'Buy', 'Hold', 'Sell', or 'No Action' based on the implied intention of the author regarding their investment decisions.",High Criticalness
1051,1051,llm,4,train,,,1051,,,"Classify the given social media text into one of the following engagement potential categories: 'High Engagement Potential', 'Medium Engagement Potential', 'Low Engagement Potential', or 'No Engagement Potential'. Consider factors such as content appeal, sharing likelihood, and user interaction likelihood when making your classification.",High Criticalness
1052,1052,llm,5,train,,,1052,,,"Classify each research hypothesis into one of the following methodological approaches: Quantitative, Qualitative, Mixed Methods, Theoretical, or Experimental.",Medium Criticalness
1053,1053,llm,6,train,,,1053,,,"Classify the provided cybersecurity threat intelligence report into one of the following categories: 'Financial Gain', 'Political Motivation', 'Ideological Beliefs', 'Personal Vendetta', 'State-sponsored', or 'Other'.",Medium Criticalness
1054,1054,llm,3,train,,,1054,,,"Classify the user inquiries into the following urgency levels: 'High Urgency', 'Medium Urgency', 'Low Urgency'. 'High Urgency' should be assigned to inquiries that indicate system outages or critical issues affecting usability; 'Medium Urgency' for issues that may lead to frustration but do not halt functionality; and 'Low Urgency' for general inquiries or requests for information that do not require immediate attention.",Medium Criticalness
1055,1055,llm,5,train,,,1055,,,"Classify the given news article excerpt into one of the following categories based on the primary social issue it addresses: 'Racial Inequality', 'Gender Rights', 'LGBTQ+ Issues', 'Environmental Justice', or 'Economic Inequality'.",Low Criticalness
1056,1056,llm,6,train,,,1056,,,"Classify the provided e-commerce product reviews into one of the following categories based on the specific features discussed: 'durability', 'ease of use', 'design/style', 'performance', 'customer service', or 'value for money'.",Low Criticalness
1057,1057,llm,4,train,,,1057,,,"Classify the relationships between biomedical entities in the following texts into one of the following categories: 'Drug-Drug Interaction', 'Disease-Symptom Association', 'Treatment-Efficacy Relationship', or 'No Relationship'.",Low Criticalness
1058,1058,llm,5,train,,,1058,,,"Classify the provided legal text samples into one of the following categories based on the primary intellectual property issue addressed: 'copyright', 'trademark', 'patent', 'trade secret', or 'none of the above'.",Medium Criticalness
1059,1059,llm,2,train,,,1059,,,"Classify the given financial text as either 'Yes' if it contains language that suggests potential regulatory concerns or compliance issues, or 'No' if it does not contain such language.",Low Criticalness
1060,1060,llm,5,train,,,1060,,,"Classify the provided social media posts into one of the following endorsement types: 'Sponsored', 'Affiliate', 'Gifted', 'Organic', or 'Not an Endorsement'.",High Criticalness
1061,1061,llm,3,train,,,1061,,,"Given a research paper's abstract or introduction, classify it into one of the following categories based on its status in the peer-review process: 'Accepted', 'Rejected', or 'Under Review'.",Low Criticalness
1062,1062,llm,3,train,,,1062,,,"Classify the given text as one of the following categories based on its intent: 'Malicious', 'Innocuous', or 'Ambiguous'. 'Malicious' indicates intent to deceive, harm, or exploit; 'Innocuous' indicates no harmful intent; 'Ambiguous' indicates uncertainty in the intent that requires further context to assess accurately.",Medium Criticalness
1063,1063,llm,4,train,,,1063,,,"Given a technical support query regarding software systems, classify the issue based on version compatibility into one of the following categories: 'Backward Compatibility Issue', 'Forward Compatibility Issue', 'No Compatibility Issue', or 'Upgrade Recommendation Needed'.",High Criticalness
1064,1064,llm,7,train,,,1064,,,"Classify the given news articles into one of the following economic themes: 'Inflation', 'Unemployment', 'Trade', 'Government Policy', 'Market Trends', 'Financial Regulation', 'Consumer Spending'.",Low Criticalness
1065,1065,llm,4,train,,,1065,,,"Classify the following product descriptions into one of the categories based on their ethical sourcing and sustainability practices: 'Fully Sustainable', 'Ethically Sourced', 'Conventional', 'Not Specified'.",High Criticalness
1066,1066,llm,2,train,,,1066,,,Classify the given text as either 'ethical_concern' or 'no_ethical_concern' based on whether the text discusses potential ethical implications or issues related to drug development and marketing practices.,Low Criticalness
1067,1067,llm,4,train,,,1067,,,"Classify the given legal text samples into one of the following categories: 'fully compliant', 'partially compliant', 'non-compliant', or 'unclear'. Each category reflects the degree to which the text meets the identified legal standards or regulations.",Medium Criticalness
1068,1068,llm,3,train,,,1068,,,"Classify the provided financial report summaries into one of the following categories: 'Healthy', 'Warning Signs', or 'Critical'. This classification should be based on the overall tone, financial indicators, and language used in the summaries that suggest the financial health of the organization.",Medium Criticalness
1069,1069,llm,2,train,,,1069,,,"Classify the given social media comments into one of the following categories: 'elevating' for comments that positively contribute to the discussion or community morale, and 'detracting' for comments that negatively impact the conversation or discourage engagement.",Low Criticalness
1070,1070,llm,4,train,,,1070,,,"Classify each provided academic paper excerpt into one of the following categories based on the strength and clarity of the argument presented: 'Strong Argument', 'Moderate Argument', 'Weak Argument', or 'No Argument'.",High Criticalness
1071,1071,llm,6,train,,,1071,,,"Classify the given security-related text descriptions into one of the following categories: 'SQL Injection', 'Cross-Site Scripting (XSS)', 'Denial of Service (DoS)', 'Man-in-the-Middle Attack', 'Buffer Overflow', or 'Other'.",Low Criticalness
1072,1072,llm,2,train,,,1072,,,"Classify the following technical support inquiries into two categories: 'troubleshooting_request' for texts that seek guidance on how to resolve a technical issue via step-by-step instructions, and 'service_escalation' for requests that indicate the need for immediate action from a higher level of technical support or service management.",Low Criticalness
1073,1073,llm,2,train,,,1073,,,"Classify the given news article as either 'Biased' or 'Neutral'. A 'Biased' article presents opinions or perspectives that favor one side over another, while a 'Neutral' article provides balanced reporting without showing favoritism.",Low Criticalness
1074,1074,llm,4,train,,,1074,,,"Classify the given product review text into one of the following risk levels based on the concerns and issues raised: 'High Risk', 'Medium Risk', 'Low Risk', or 'No Risk'.",High Criticalness
1075,1075,llm,5,train,,,1075,,,"Classify the provided biomedical research abstracts into one of the following categories based on the type of anomaly identified: 'Sampling Bias', 'Measurement Error', 'Data Exclusion', 'Confounding Variable', or 'Reporting Bias'.",High Criticalness
1076,1076,llm,3,train,,,1076,,,"Classify the given legal documents based on their emotional tone into one of the following categories: 'justice', 'injustice', or 'neutral'.",Low Criticalness
1077,1077,llm,5,train,,,1077,,,"Classify the provided financial analytical reports into one of the following categories based on their analysis content: 'Fundamental Analysis', 'Technical Analysis', 'Quantitative Analysis', 'Risk Analysis', 'Market Sentiment Analysis'.",Medium Criticalness
1078,1078,llm,2,train,,,1078,,,"Classify the given social media post as 'Altruism' if it reflects concern or actions meant to help others without personal gain, or 'Self-Interest' if it indicates motivations primarily aimed at personal benefit.",Low Criticalness
1079,1079,llm,3,train,,,1079,,,"Classify the given academic text based on the primary research method utilized. The labels are: 'Qualitative', 'Quantitative', and 'Mixed Methods'.",Low Criticalness
1080,1080,llm,4,train,,,1080,,,"Classify the provided text about software updates into one of the following categories based on the security implications: High Risk, Medium Risk, Low Risk, No Risk. Consider the content of the text, including mentions of vulnerabilities, patch details, and security advisories.",Medium Criticalness
1081,1081,llm,5,train,,,1081,,,"Classify the user's inquiry into one of the following emotional categories based on the tone and content of the text: 'frustrated', 'confused', 'satisfied', 'anxious', 'neutral'.",High Criticalness
1082,1082,llm,2,train,,,1082,,,Classify the given news articles as presenting either a 'positive' or 'negative' narrative about the same event based on the language and framing used by the author.,Low Criticalness
1083,1083,llm,5,train,,,1083,,,"Classify the following customer inquiry texts into one of the categories: 'Product Inquiry', 'Order Status', 'Return Request', 'Promotional Inquiry', or 'Customer Support Issue'. Each label corresponds to the type of service or information the customer is seeking.",Medium Criticalness
1084,1084,llm,5,train,,,1084,,,"Classify the given biomedical research abstract into one of the following categories based on the mechanism of action described: 'immunotherapy', 'gene therapy', 'small molecule inhibition', 'enzyme activity modulation', or 'antibody-based therapy'.",Medium Criticalness
1085,1085,llm,3,train,,,1085,,,"Classify the provided legal text into one of the following categories based on its potential admissibility in court: 'Admissible' if it meets all legal standards for evidence, 'Not Admissible' if it fails to meet legal standards due to reasons such as hearsay, lack of relevance, or other legal prohibitions, and 'Uncertain' if it is unclear whether the text could be ruled admissible or not without further context or details.",Medium Criticalness
1086,1086,llm,5,train,,,1086,,,"Classify the given text related to finance into one of the following categories based on the ethical implications portrayed: 'Deceptive Practices', 'Fair Practices', 'Conflicted Interests', 'Transparent Practices', 'Fraudulent Behavior'.",High Criticalness
1087,1087,llm,6,train,,,1087,,,"Classify the given social media post content into one of the following influencer categories: 'Fashion', 'Food', 'Travel', 'Fitness', 'Technology', or 'Lifestyle'.",Medium Criticalness
1088,1088,llm,5,train,,,1088,,,"Given a piece of academic text, classify it based on the primary rhetorical strategy employed: 'Argumentative', 'Descriptive', 'Expository', 'Narrative', 'Persuasive'.",High Criticalness
1089,1089,llm,2,train,,,1089,,,"Classify the given network traffic data as either 'Normal' or 'Suspicious'. 'Normal' indicates typical network behavior, while 'Suspicious' indicates potential malicious activity that may require further investigation.",Low Criticalness
1090,1090,llm,2,train,,,1090,,,"Classify the given technical support query as 'Specific' if the request mentions a particular product, model, or error code, and as 'General' if the request is vague or does not refer to a specific item.",Low Criticalness
1091,1091,llm,4,train,,,1091,,,"Given a corporate sustainability report or statement, classify the text into one of the following ethical assessment categories: 'Ethically Sound', 'Partially Ethically Sound', 'Ethically Unsound', or 'Needs Further Evaluation'.",Medium Criticalness
1092,1092,llm,5,train,,,1092,,,"Classify the given text based on the presence of specific ESG practices or themes. The text should be categorized into one of the following labels: 'Environmental Initiative', 'Social Responsibility', 'Governance Practice', 'Sustainable Development', or 'None of the Above'.",Medium Criticalness
1093,1093,llm,2,train,,,1093,,,Classify the provided text as 'Valid Claim' or 'Invalid Claim' based on the verification of environmental sustainability assertions made by companies in their reports or advertisements.,Low Criticalness
1094,1094,llm,17,train,,,1094,,,"Given a text passage, classify it into one of the following categories based on its alignment with the UN Sustainable Development Goals: 'Goal 1: No Poverty', 'Goal 2: Zero Hunger', 'Goal 3: Good Health and Well-being', 'Goal 4: Quality Education', 'Goal 5: Gender Equality', 'Goal 6: Clean Water and Sanitation', 'Goal 7: Affordable and Clean Energy', 'Goal 8: Decent Work and Economic Growth', 'Goal 9: Industry, Innovation and Infrastructure', 'Goal 10: Reduced Inequalities', 'Goal 11: Sustainable Cities and Communities', 'Goal 12: Responsible Consumption and Production', 'Goal 13: Climate Action', 'Goal 14: Life Below Water', 'Goal 15: Life on Land', 'Goal 16: Peace, Justice and Strong Institutions', 'Goal 17: Partnerships for the Goals'.",High Criticalness
1095,1095,llm,7,train,,,1095,,,"Classify the provided sustainability report excerpts into one of the following categories: 'Carbon Neutrality Commitment', 'Sustainable Sourcing', 'Waste Reduction Initiatives', 'Social Responsibility Programs', 'Diversity and Inclusion Efforts', 'Governance Policies', or 'Community Engagement'.",Medium Criticalness
1096,1096,llm,3,train,,,1096,,,"Classify the provided text as either 'positive' if it promotes or highlights beneficial environmental or social practices, 'negative' if it critiques or highlights harmful practices, or 'neutral' if it presents information without a clear sentiment or promotes balanced viewpoints.",Low Criticalness
1097,1097,llm,4,train,,,1097,,,"Classify the provided text samples describing various corporate strategies into one of the following categories based on their impact on sustainability: 'High Impact', 'Moderate Impact', 'Low Impact', and 'No Impact'. Consider the effectiveness and measurable outcomes of the strategies presented.",High Criticalness
1098,1098,llm,3,train,,,1098,,,"Classify the given sustainability initiative text into one of the following categories based on its operational scope: 'Local', 'National', or 'Global'.",Low Criticalness
1099,1099,llm,2,train,,,1099,,,Classify the provided corporate sustainability statements as either 'genuine' if they reflect a true commitment to sustainable practices or 'greenwashing' if they only serve to create a misleading perception of sustainability efforts.,Low Criticalness
1100,1100,llm,4,train,,,1100,,,"Given a text that describes a sustainability proposal or project, classify its intent into one of the following categories: 'Mitigation', 'Adaptation', 'Conservation', or 'Innovation'.",Medium Criticalness